<?xml version='1.0'?>
<module>
	<exporttime>2010-04-27 15:17:37</exporttime>
	<name>ModComments</name>
	<label>Comments</label>
	<parent>Tools</parent>
	<version>2.1</version>
	<dependencies>
		<vtiger_version>6.0.0rc</vtiger_version>
		<vtiger_max_version>7.*</vtiger_max_version>
	</dependencies>
	<tables>
		<table>
			<name>vtiger_modcomments</name>
			<sql><![CDATA[CREATE TABLE `vtiger_modcomments` (
  `modcommentsid` int(11) DEFAULT NULL,
  `commentcontent` text,
  `related_to` varchar(100) NOT NULL,
  `parent_comments` varchar(100) default NULL
) ENGINE=InnoDB DEFAULT CHARSET=utf8]]></sql>
		</table>
		<table>
			<name>vtiger_modcommentscf</name>
			<sql><![CDATA[CREATE TABLE `vtiger_modcommentscf` (
  `modcommentsid` int(11) NOT NULL,
  PRIMARY KEY (`modcommentsid`)
) ENGINE=InnoDB DEFAULT CHARSET=utf8]]></sql>
		</table>
	</tables>
	<blocks>
		<block>
			<label>LBL_MODCOMMENTS_INFORMATION</label>
			<fields>
				<field>
					<fieldname>commentcontent</fieldname>
					<uitype>19</uitype>
					<columnname>commentcontent</columnname>
					<tablename>vtiger_modcomments</tablename>
					<generatedtype>1</generatedtype>
					<fieldlabel>Comment</fieldlabel>
					<readonly>1</readonly>
					<presence>0</presence>
					<defaultvalue></defaultvalue>
					<sequence>4</sequence>
					<maximumlength>100</maximumlength>
					<typeofdata>V~M</typeofdata>
					<quickcreate>0</quickcreate>
					<quickcreatesequence>4</quickcreatesequence>
					<displaytype>1</displaytype>
					<info_type>BAS</info_type>
					<helpinfo><![CDATA[]]></helpinfo>
					<masseditable>2</masseditable>
					<entityidentifier>
						<entityidfield>modcommentsid</entityidfield>
						<entityidcolumn>modcommentsid</entityidcolumn>
					</entityidentifier>
				</field>
			</fields>
		</block>
		<block>
			<label>LBL_OTHER_INFORMATION</label>
			<fields>
				<field>
					<fieldname>assigned_user_id</fieldname>
					<uitype>53</uitype>
					<columnname>smownerid</columnname>
					<tablename>vtiger_crmentity</tablename>
					<generatedtype>1</generatedtype>
					<fieldlabel>Assigned To</fieldlabel>
					<readonly>1</readonly>
					<presence>0</presence>
					<defaultvalue></defaultvalue>
					<sequence>1</sequence>
					<maximumlength>100</maximumlength>
					<typeofdata>V~M</typeofdata>
					<quickcreate>0</quickcreate>
					<quickcreatesequence>1</quickcreatesequence>
					<displaytype>1</displaytype>
					<info_type>BAS</info_type>
					<helpinfo><![CDATA[]]></helpinfo>
					<masseditable>2</masseditable>
				</field>
				<field>
					<fieldname>createdtime</fieldname>
					<uitype>70</uitype>
					<columnname>createdtime</columnname>
					<tablename>vtiger_crmentity</tablename>
					<generatedtype>1</generatedtype>
					<fieldlabel>Created Time</fieldlabel>
					<readonly>1</readonly>
					<presence>0</presence>
					<defaultvalue></defaultvalue>
					<sequence>5</sequence>
					<maximumlength>100</maximumlength>
					<typeofdata>DT~O</typeofdata>
					<quickcreate>0</quickcreate>
					<quickcreatesequence>2</quickcreatesequence>
					<displaytype>2</displaytype>
					<info_type>BAS</info_type>
					<helpinfo><![CDATA[]]></helpinfo>
					<masseditable>0</masseditable>
				</field>
				<field>
					<fieldname>modifiedtime</fieldname>
					<uitype>70</uitype>
					<columnname>modifiedtime</columnname>
					<tablename>vtiger_crmentity</tablename>
					<generatedtype>1</generatedtype>
					<fieldlabel>Modified Time</fieldlabel>
					<readonly>1</readonly>
					<presence>0</presence>
					<defaultvalue></defaultvalue>
					<sequence>6</sequence>
					<maximumlength>100</maximumlength>
					<typeofdata>DT~O</typeofdata>
					<quickcreate>0</quickcreate>
					<quickcreatesequence>3</quickcreatesequence>
					<displaytype>2</displaytype>
					<info_type>BAS</info_type>
					<helpinfo><![CDATA[]]></helpinfo>
					<masseditable>0</masseditable>
				</field>
				<field>
					<fieldname>related_to</fieldname>
					<uitype>10</uitype>
					<columnname>related_to</columnname>
					<tablename>vtiger_modcomments</tablename>
					<generatedtype>1</generatedtype>
					<fieldlabel>Related To</fieldlabel>
					<readonly>1</readonly>
					<presence>2</presence>
					<defaultvalue></defaultvalue>
					<sequence>2</sequence>
					<maximumlength>100</maximumlength>
					<typeofdata>V~M</typeofdata>
					<quickcreate>2</quickcreate>
					<quickcreatesequence>5</quickcreatesequence>
					<displaytype>1</displaytype>
					<info_type>BAS</info_type>
					<helpinfo><![CDATA[]]></helpinfo>
					<masseditable>2</masseditable>
					<relatedmodules>
						<relatedmodule>Leads</relatedmodule>
						<relatedmodule>Contacts</relatedmodule>
						<relatedmodule>Accounts</relatedmodule>
					</relatedmodules>
				</field>
				<field>
					<fieldname>creator</fieldname>
					<uitype>52</uitype>
					<columnname>smcreatorid</columnname>
					<tablename>vtiger_crmentity</tablename>
					<generatedtype>1</generatedtype>
					<fieldlabel>Creator</fieldlabel>
					<readonly>1</readonly>
					<presence>2</presence>
					<defaultvalue></defaultvalue>
					<sequence>4</sequence>
					<maximumlength>100</maximumlength>
					<typeofdata>V~O</typeofdata>
					<quickcreate>1</quickcreate>
					<quickcreatesequence></quickcreatesequence>
					<displaytype>2</displaytype>
					<info_type>BAS</info_type>
					<helpinfo><![CDATA[]]></helpinfo>
					<masseditable>1</masseditable>
				</field>
				<field>
					<fieldname>parent_comments</fieldname>
					<uitype>10</uitype>
					<columnname>parent_comments</columnname>
					<tablename>vtiger_modcomments</tablename>
					<generatedtype>1</generatedtype>
					<fieldlabel>Related To Comments</fieldlabel>
					<readonly>1</readonly>
					<presence>2</presence>
					<defaultvalue></defaultvalue>
					<sequence>7</sequence>
					<maximumlength>100</maximumlength>
					<typeofdata>V~O</typeofdata>
					<quickcreate>1</quickcreate>
					<quickcreatesequence></quickcreatesequence>
					<displaytype>1</displaytype>
					<info_type>BAS</info_type>
					<helpinfo><![CDATA[]]></helpinfo>
					<masseditable>1</masseditable>
					<relatedmodules>
						<relatedmodule>ModComments</relatedmodule>
					</relatedmodules>
				</field>
			</fields>
		</block>
		<block>
			<label>LBL_CUSTOM_INFORMATION</label>
		</block>
	</blocks>
	<customviews>
		<customview>
			<viewname>All</viewname>
			<setdefault>false</setdefault>
			<setmetrics>false</setmetrics>
			<fields>
				<field>
					<fieldname>commentcontent</fieldname>
					<columnindex>0</columnindex>
				</field>
				<field>
					<fieldname>related_to</fieldname>
					<columnindex>1</columnindex>
				</field>
				<field>
					<fieldname>modifiedtime</fieldname>
					<columnindex>2</columnindex>
				</field>
				<field>
					<fieldname>assigned_user_id</fieldname>
					<columnindex>3</columnindex>
				</field>
			</fields>
		</customview>
	</customviews>
	<sharingaccess>
		<default>public_readwritedelete</default>
	</sharingaccess>
	<customlinks>
		<customlink>
			<linktype>HEADERSCRIPT</linktype>
			<linklabel>ModCommentsCommonHeaderScript</linklabel>
			<linkurl><![CDATA[modules/ModComments/ModCommentsCommon.js]]></linkurl>
			<linkicon><![CDATA[]]></linkicon>
			<sequence>0</sequence>
		</customlink>
	</customlinks>
</module>
